{
    "train": {
        "accuracy": 0.9432025868128778,
        "top-3 accuracy": 0.952762547448334,
        "top-5 accuracy": 0.9529031351047378
    },
    "test": {
        "accuracy": 0.854,
        "top-3 accuracy": 0.898,
        "top-5 accuracy": 0.909
    }
}