{
    "train": {
        "accuracy": 0.9290032335160973,
        "top-3 accuracy": 0.9517784338535077,
        "top-5 accuracy": 0.952762547448334
    },
    "test": {
        "accuracy": 0.859,
        "top-3 accuracy": 0.903,
        "top-5 accuracy": 0.905
    }
}