{
    "train": {
        "accuracy": 0.934626739772248,
        "top-3 accuracy": 0.9520596091663152,
        "top-5 accuracy": 0.9529031351047378
    },
    "test": {
        "accuracy": 0.835,
        "top-3 accuracy": 0.887,
        "top-5 accuracy": 0.9
    }
}