{
    "train": {
        "accuracy": 0.9416561225924364,
        "top-3 accuracy": 0.9526219597919303,
        "top-5 accuracy": 0.9529031351047378
    },
    "test": {
        "accuracy": 0.862,
        "top-3 accuracy": 0.9,
        "top-5 accuracy": 0.905
    }
}