{
    "train": {
        "accuracy": 0.9427808238436666,
        "top-3 accuracy": 0.9529031351047378,
        "top-5 accuracy": 0.9529031351047378
    },
    "test": {
        "accuracy": 0.877,
        "top-3 accuracy": 0.917,
        "top-5 accuracy": 0.928
    }
}