{
    "train": {
        "accuracy": 0.9191620975678335,
        "top-3 accuracy": 0.9516378461971039,
        "top-5 accuracy": 0.952762547448334
    },
    "test": {
        "accuracy": 0.81,
        "top-3 accuracy": 0.868,
        "top-5 accuracy": 0.875
    }
}