{
    "train": {
        "accuracy": 0.9354702657106706,
        "top-3 accuracy": 0.9524813721355265,
        "top-5 accuracy": 0.9529031351047378
    },
    "test": {
        "accuracy": 0.854,
        "top-3 accuracy": 0.896,
        "top-5 accuracy": 0.904
    }
}