{
    "Train": {
        "Tag-Level Stats": {
            "Accuracy": 0.9700937271118164
        },
        "Sentence-Level Stats": {
            "Correct": 7888,
            "Total": 8852,
            "Accuracy": 0.8910980569362856
        }
    },
    "Dev": {
        "Tag-Level Stats": {
            "Accuracy": 0.9569188952445984
        },
        "Sentence-Level Stats": {
            "Correct": 865,
            "Total": 1000,
            "Accuracy": 0.865
        }
    }
}