{
    "train": {
        "accuracy": 0.9374384929003233,
        "top-3 accuracy": 0.9526219597919303,
        "top-5 accuracy": 0.9529031351047378
    },
    "test": {
        "accuracy": 0.843,
        "top-3 accuracy": 0.887,
        "top-5 accuracy": 0.898
    }
}