{
    "train": {
        "accuracy": 0.9478419794742021,
        "top-3 accuracy": 0.952762547448334,
        "top-5 accuracy": 0.9529031351047378
    },
    "test": {
        "accuracy": 0.823,
        "top-3 accuracy": 0.862,
        "top-5 accuracy": 0.875
    }
}