{
    "train": {
        "accuracy": 0.9261914803880219,
        "top-3 accuracy": 0.9523407844791227,
        "top-5 accuracy": 0.9529031351047378
    },
    "test": {
        "accuracy": 0.876,
        "top-3 accuracy": 0.92,
        "top-5 accuracy": 0.927
    }
}