{
    "train": {
        "accuracy": 0.9437649374384929,
        "top-3 accuracy": 0.9529031351047378,
        "top-5 accuracy": 0.9529031351047378
    },
    "test": {
        "accuracy": 0.881,
        "top-3 accuracy": 0.92,
        "top-5 accuracy": 0.93
    }
}