{
    "train": {
        "accuracy": 0.9367355546183045,
        "top-3 accuracy": 0.9523407844791227,
        "top-5 accuracy": 0.952762547448334
    },
    "test": {
        "accuracy": 0.874,
        "top-3 accuracy": 0.92,
        "top-5 accuracy": 0.927
    }
}