{
    "train": {
        "accuracy": 0.9423590608744552,
        "top-3 accuracy": 0.9529031351047378,
        "top-5 accuracy": 0.9529031351047378
    },
    "test": {
        "accuracy": 0.877,
        "top-3 accuracy": 0.915,
        "top-5 accuracy": 0.924
    }
}