{
    "train": {
        "accuracy": 0.9396878954027836,
        "top-3 accuracy": 0.952762547448334,
        "top-5 accuracy": 0.9529031351047378
    },
    "test": {
        "accuracy": 0.853,
        "top-3 accuracy": 0.896,
        "top-5 accuracy": 0.904
    }
}