{
    "train": {
        "accuracy": 0.9284408828904822,
        "top-3 accuracy": 0.952200196822719,
        "top-5 accuracy": 0.9529031351047378
    },
    "test": {
        "accuracy": 0.855,
        "top-3 accuracy": 0.894,
        "top-5 accuracy": 0.902
    }
}