{
    "train": {
        "accuracy": 0.9391255447771686,
        "top-3 accuracy": 0.9526219597919303,
        "top-5 accuracy": 0.9529031351047378
    },
    "test": {
        "accuracy": 0.849,
        "top-3 accuracy": 0.902,
        "top-5 accuracy": 0.909
    }
}