{
    "train": {
        "accuracy": 0.9403908336848025,
        "top-3 accuracy": 0.9529031351047378,
        "top-5 accuracy": 0.9529031351047378
    },
    "test": {
        "accuracy": 0.88,
        "top-3 accuracy": 0.918,
        "top-5 accuracy": 0.925
    }
}