{
    "train": {
        "accuracy": 0.9357514410234782,
        "top-3 accuracy": 0.952200196822719,
        "top-5 accuracy": 0.9524813721355265
    },
    "test": {
        "accuracy": 0.856,
        "top-3 accuracy": 0.902,
        "top-5 accuracy": 0.905
    }
}