{
    "Train": {
        "Tag-Level Stats": {
            "Accuracy": 0.8733133673667908
        },
        "Sentence-Level Stats": {
            "Correct": 120885,
            "Total": 169207,
            "Accuracy": 0.7144207981939281
        }
    },
    "Dev": {
        "Tag-Level Stats": {
            "Accuracy": 0.8412423133850098
        },
        "Sentence-Level Stats": {
            "Correct": 3408,
            "Total": 5000,
            "Accuracy": 0.6816
        }
    }
}