{
    "train": {
        "accuracy": 0.9460143399409532,
        "top-3 accuracy": 0.9529031351047378,
        "top-5 accuracy": 0.9529031351047378
    },
    "test": {
        "accuracy": 0.889,
        "top-3 accuracy": 0.923,
        "top-5 accuracy": 0.93
    }
}