{
    "train": {
        "accuracy": 0.9129762406860678,
        "top-3 accuracy": 0.9492478560382398,
        "top-5 accuracy": 0.9523407844791227
    },
    "test": {
        "accuracy": 0.827,
        "top-3 accuracy": 0.879,
        "top-5 accuracy": 0.889
    }
}