{
    "train": {
        "accuracy": 0.9454519893153381,
        "top-3 accuracy": 0.9529031351047378,
        "top-5 accuracy": 0.9529031351047378
    },
    "test": {
        "accuracy": 0.878,
        "top-3 accuracy": 0.92,
        "top-5 accuracy": 0.924
    }
}