{
    "Train": {
        "Tag-Level Stats": {
            "Accuracy": 0.875602126121521
        },
        "Sentence-Level Stats": {
            "Correct": 121020,
            "Total": 169207,
            "Accuracy": 0.7152186375268162
        }
    },
    "Dev": {
        "Tag-Level Stats": {
            "Accuracy": 0.8424174785614014
        },
        "Sentence-Level Stats": {
            "Correct": 3402,
            "Total": 5000,
            "Accuracy": 0.6804
        }
    }
}