{
    "train": {
        "accuracy": 0.9465766905665682,
        "top-3 accuracy": 0.9529031351047378,
        "top-5 accuracy": 0.9529031351047378
    },
    "test": {
        "accuracy": 0.873,
        "top-3 accuracy": 0.912,
        "top-5 accuracy": 0.927
    }
}