{
    "train": {
        "accuracy": 0.9395473077463798,
        "top-3 accuracy": 0.9524813721355265,
        "top-5 accuracy": 0.9529031351047378
    },
    "test": {
        "accuracy": 0.858,
        "top-3 accuracy": 0.91,
        "top-5 accuracy": 0.917
    }
}