{
    "Train": {
        "Tag-Level Stats": {
            "Accuracy": 0.8736517429351807
        },
        "Sentence-Level Stats": {
            "Correct": 120901,
            "Total": 169207,
            "Accuracy": 0.7145153569296778
        }
    },
    "Dev": {
        "Tag-Level Stats": {
            "Accuracy": 0.8415501117706299
        },
        "Sentence-Level Stats": {
            "Correct": 3428,
            "Total": 5000,
            "Accuracy": 0.6856
        }
    }
}