{
    "train": {
        "accuracy": 0.9396878954027836,
        "top-3 accuracy": 0.9524813721355265,
        "top-5 accuracy": 0.9529031351047378
    },
    "test": {
        "accuracy": 0.847,
        "top-3 accuracy": 0.89,
        "top-5 accuracy": 0.898
    }
}