{
    "train": {
        "accuracy": 0.9420778855616477,
        "top-3 accuracy": 0.952762547448334,
        "top-5 accuracy": 0.9529031351047378
    },
    "test": {
        "accuracy": 0.86,
        "top-3 accuracy": 0.902,
        "top-5 accuracy": 0.909
    }
}