{
    "train": {
        "accuracy": 0.9193026852242373,
        "top-3 accuracy": 0.9514972585407001,
        "top-5 accuracy": 0.952762547448334
    },
    "test": {
        "accuracy": 0.864,
        "top-3 accuracy": 0.912,
        "top-5 accuracy": 0.92
    }
}