{
    "train": {
        "accuracy": 0.9451708140025306,
        "top-3 accuracy": 0.9526219597919303,
        "top-5 accuracy": 0.9529031351047378
    },
    "test": {
        "accuracy": 0.883,
        "top-3 accuracy": 0.923,
        "top-5 accuracy": 0.931
    }
}