{
    "train": {
        "accuracy": 0.9415155349360326,
        "top-3 accuracy": 0.9524813721355265,
        "top-5 accuracy": 0.9529031351047378
    },
    "test": {
        "accuracy": 0.854,
        "top-3 accuracy": 0.897,
        "top-5 accuracy": 0.905
    }
}