{
    "train": {
        "accuracy": 0.9221144383523127,
        "top-3 accuracy": 0.9514972585407001,
        "top-5 accuracy": 0.9523407844791227
    },
    "test": {
        "accuracy": 0.84,
        "top-3 accuracy": 0.892,
        "top-5 accuracy": 0.897
    }
}