{
    "train": {
        "accuracy": 0.9455925769717419,
        "top-3 accuracy": 0.9529031351047378,
        "top-5 accuracy": 0.9529031351047378
    },
    "test": {
        "accuracy": 0.876,
        "top-3 accuracy": 0.918,
        "top-5 accuracy": 0.924
    }
}