{
    "train": {
        "accuracy": 0.9450302263461268,
        "top-3 accuracy": 0.9529031351047378,
        "top-5 accuracy": 0.9529031351047378
    },
    "test": {
        "accuracy": 0.871,
        "top-3 accuracy": 0.912,
        "top-5 accuracy": 0.921
    }
}