{
    "train": {
        "accuracy": 0.9253479544495993,
        "top-3 accuracy": 0.952200196822719,
        "top-5 accuracy": 0.9529031351047378
    },
    "test": {
        "accuracy": 0.864,
        "top-3 accuracy": 0.912,
        "top-5 accuracy": 0.924
    }
}