{
    "train": {
        "accuracy": 0.9460143399409532,
        "top-3 accuracy": 0.9526219597919303,
        "top-5 accuracy": 0.9529031351047378
    },
    "test": {
        "accuracy": 0.827,
        "top-3 accuracy": 0.87,
        "top-5 accuracy": 0.877
    }
}