{
    "train": {
        "accuracy": 0.9479825671306059,
        "top-3 accuracy": 0.952762547448334,
        "top-5 accuracy": 0.9529031351047378
    },
    "test": {
        "accuracy": 0.827,
        "top-3 accuracy": 0.874,
        "top-5 accuracy": 0.881
    }
}