{
    "train": {
        "accuracy": 0.9401096583719949,
        "top-3 accuracy": 0.9526219597919303,
        "top-5 accuracy": 0.952762547448334
    },
    "test": {
        "accuracy": 0.819,
        "top-3 accuracy": 0.867,
        "top-5 accuracy": 0.886
    }
}