{
    "train": {
        "accuracy": 0.9361732039926894,
        "top-3 accuracy": 0.952200196822719,
        "top-5 accuracy": 0.9523407844791227
    },
    "test": {
        "accuracy": 0.811,
        "top-3 accuracy": 0.863,
        "top-5 accuracy": 0.875
    }
}