{
    "train": {
        "accuracy": 0.9436243497820891,
        "top-3 accuracy": 0.952762547448334,
        "top-5 accuracy": 0.9529031351047378
    },
    "test": {
        "accuracy": 0.836,
        "top-3 accuracy": 0.871,
        "top-5 accuracy": 0.878
    }
}