{
    "train": {
        "accuracy": 0.9389849571207648,
        "top-3 accuracy": 0.9526219597919303,
        "top-5 accuracy": 0.9529031351047378
    },
    "test": {
        "accuracy": 0.857,
        "top-3 accuracy": 0.893,
        "top-5 accuracy": 0.903
    }
}