{
    "train": {
        "accuracy": 0.9311120483621538,
        "top-3 accuracy": 0.9526219597919303,
        "top-5 accuracy": 0.9529031351047378
    },
    "test": {
        "accuracy": 0.844,
        "top-3 accuracy": 0.898,
        "top-5 accuracy": 0.907
    }
}