{
    "train": {
        "accuracy": 0.9410937719668213,
        "top-3 accuracy": 0.9529031351047378,
        "top-5 accuracy": 0.9529031351047378
    },
    "test": {
        "accuracy": 0.875,
        "top-3 accuracy": 0.911,
        "top-5 accuracy": 0.922
    }
}