{
    "train_results": {
        "eval_loss": 0.0016279235715046525,
        "eval_tag accuracy": 0.9992315967419702,
        "eval_sentence accuracy": 0.9959331224582015,
        "eval_runtime": 59.917,
        "eval_samples_per_second": 147.738,
        "epoch": 40.0,
        "eval_mem_cpu_alloc_delta": 21867353,
        "eval_mem_gpu_alloc_delta": 0,
        "eval_mem_cpu_peaked_delta": 4072957,
        "eval_mem_gpu_peaked_delta": 143304192
    },
    "dev_results": {
        "eval_loss": 0.27411705255508423,
        "eval_tag accuracy": 0.9630538513974097,
        "eval_sentence accuracy": 0.888,
        "eval_runtime": 5.957,
        "eval_samples_per_second": 167.871,
        "epoch": 40.0,
        "eval_mem_cpu_alloc_delta": 2295072,
        "eval_mem_gpu_alloc_delta": 0,
        "eval_mem_cpu_peaked_delta": 406526,
        "eval_mem_gpu_peaked_delta": 114435072
    }
}