{
    "train": {
        "accuracy": 0.9443272880641079,
        "top-3 accuracy": 0.952762547448334,
        "top-5 accuracy": 0.9529031351047378
    },
    "test": {
        "accuracy": 0.848,
        "top-3 accuracy": 0.891,
        "top-5 accuracy": 0.899
    }
}