{
    "Train": {
        "Tag-Level Stats": {
            "Accuracy": 0.8746323585510254
        },
        "Sentence-Level Stats": {
            "Correct": 120648,
            "Total": 169207,
            "Accuracy": 0.7130201469206356
        }
    },
    "Dev": {
        "Tag-Level Stats": {
            "Accuracy": 0.8420817255973816
        },
        "Sentence-Level Stats": {
            "Correct": 3414,
            "Total": 5000,
            "Accuracy": 0.6828
        }
    }
}