{
    "train": {
        "accuracy": 0.9228173766343315,
        "top-3 accuracy": 0.9506537326022775,
        "top-5 accuracy": 0.9526219597919303
    },
    "test": {
        "accuracy": 0.86,
        "top-3 accuracy": 0.912,
        "top-5 accuracy": 0.921
    }
}