{
    "Train": {
        "Tag-Level Stats": {
            "Accuracy": 0.8673566579818726
        },
        "Sentence-Level Stats": {
            "Correct": 118379,
            "Total": 169207,
            "Accuracy": 0.6996105362071309
        }
    },
    "Dev": {
        "Tag-Level Stats": {
            "Accuracy": 0.837520956993103
        },
        "Sentence-Level Stats": {
            "Correct": 3348,
            "Total": 5000,
            "Accuracy": 0.6696
        }
    }
}