{
    "train": {
        "accuracy": 0.9437649374384929,
        "top-3 accuracy": 0.9529031351047378,
        "top-5 accuracy": 0.9529031351047378
    },
    "test": {
        "accuracy": 0.882,
        "top-3 accuracy": 0.926,
        "top-5 accuracy": 0.931
    }
}