{
    "train": {
        "accuracy": 0.9399690707155912,
        "top-3 accuracy": 0.952762547448334,
        "top-5 accuracy": 0.9529031351047378
    },
    "test": {
        "accuracy": 0.872,
        "top-3 accuracy": 0.92,
        "top-5 accuracy": 0.924
    }
}