{
    "Train": {
        "Tag-Level Stats": {
            "Accuracy": 0.994236946105957
        },
        "Sentence-Level Stats": {
            "Correct": 8588,
            "Total": 8852,
            "Accuracy": 0.9701762313601446
        }
    },
    "Dev": {
        "Tag-Level Stats": {
            "Accuracy": 0.9618268609046936
        },
        "Sentence-Level Stats": {
            "Correct": 885,
            "Total": 1000,
            "Accuracy": 0.885
        }
    }
}