{
    "train": {
        "accuracy": 0.9426402361872628,
        "top-3 accuracy": 0.952762547448334,
        "top-5 accuracy": 0.9529031351047378
    },
    "test": {
        "accuracy": 0.864,
        "top-3 accuracy": 0.91,
        "top-5 accuracy": 0.918
    }
}