{
    "train": {
        "accuracy": 0.9385631941515535,
        "top-3 accuracy": 0.9526219597919303,
        "top-5 accuracy": 0.9529031351047378
    },
    "test": {
        "accuracy": 0.848,
        "top-3 accuracy": 0.896,
        "top-5 accuracy": 0.904
    }
}