{
    "train": {
        "accuracy": 0.9416561225924364,
        "top-3 accuracy": 0.9529031351047378,
        "top-5 accuracy": 0.9529031351047378
    },
    "test": {
        "accuracy": 0.872,
        "top-3 accuracy": 0.914,
        "top-5 accuracy": 0.922
    }
}