{
    "Train": {
        "Tag-Level Stats": {
            "Accuracy": 0.8748056888580322
        },
        "Sentence-Level Stats": {
            "Correct": 120334,
            "Total": 169207,
            "Accuracy": 0.7111644317315478
        }
    },
    "Dev": {
        "Tag-Level Stats": {
            "Accuracy": 0.8420257568359375
        },
        "Sentence-Level Stats": {
            "Correct": 3411,
            "Total": 5000,
            "Accuracy": 0.6822
        }
    }
}