{
    "train": {
        "accuracy": 0.9455925769717419,
        "top-3 accuracy": 0.9526219597919303,
        "top-5 accuracy": 0.952762547448334
    },
    "test": {
        "accuracy": 0.813,
        "top-3 accuracy": 0.869,
        "top-5 accuracy": 0.88
    }
}