{
    "train": {
        "accuracy": 0.9412343596232251,
        "top-3 accuracy": 0.9526219597919303,
        "top-5 accuracy": 0.952762547448334
    },
    "test": {
        "accuracy": 0.813,
        "top-3 accuracy": 0.868,
        "top-5 accuracy": 0.881
    }
}