{
    "train": {
        "accuracy": 0.948544917756221,
        "top-3 accuracy": 0.9526219597919303,
        "top-5 accuracy": 0.9529031351047378
    },
    "test": {
        "accuracy": 0.823,
        "top-3 accuracy": 0.864,
        "top-5 accuracy": 0.879
    }
}