{
    "train": {
        "accuracy": 0.9398284830591874,
        "top-3 accuracy": 0.9526219597919303,
        "top-5 accuracy": 0.9529031351047378
    },
    "test": {
        "accuracy": 0.86,
        "top-3 accuracy": 0.899,
        "top-5 accuracy": 0.908
    }
}