{
    "train": {
        "accuracy": 0.9358920286798819,
        "top-3 accuracy": 0.952762547448334,
        "top-5 accuracy": 0.9529031351047378
    },
    "test": {
        "accuracy": 0.871,
        "top-3 accuracy": 0.922,
        "top-5 accuracy": 0.929
    }
}