{
    "train": {
        "accuracy": 0.9450302263461268,
        "top-3 accuracy": 0.952762547448334,
        "top-5 accuracy": 0.9529031351047378
    },
    "test": {
        "accuracy": 0.857,
        "top-3 accuracy": 0.899,
        "top-5 accuracy": 0.904
    }
}