{
    "train": {
        "accuracy": 0.9391255447771686,
        "top-3 accuracy": 0.9526219597919303,
        "top-5 accuracy": 0.9529031351047378
    },
    "test": {
        "accuracy": 0.869,
        "top-3 accuracy": 0.919,
        "top-5 accuracy": 0.925
    }
}