{
    "train": {
        "accuracy": 0.9437649374384929,
        "top-3 accuracy": 0.952762547448334,
        "top-5 accuracy": 0.9529031351047378
    },
    "test": {
        "accuracy": 0.882,
        "top-3 accuracy": 0.921,
        "top-5 accuracy": 0.926
    }
}