{
    "Train": {
        "Tag-Level Stats": {
            "Accuracy": 0.998432457447052
        },
        "Sentence-Level Stats": {
            "Correct": 8783,
            "Total": 8852,
            "Accuracy": 0.9922051513782196
        }
    },
    "Dev": {
        "Tag-Level Stats": {
            "Accuracy": 0.9626448750495911
        },
        "Sentence-Level Stats": {
            "Correct": 893,
            "Total": 1000,
            "Accuracy": 0.893
        }
    }
}