{
    "train": {
        "accuracy": 0.9439055250948967,
        "top-3 accuracy": 0.9529031351047378,
        "top-5 accuracy": 0.9529031351047378
    },
    "test": {
        "accuracy": 0.879,
        "top-3 accuracy": 0.919,
        "top-5 accuracy": 0.929
    }
}