{
    "train": {
        "accuracy": 0.9232391396035428,
        "top-3 accuracy": 0.9523407844791227,
        "top-5 accuracy": 0.952762547448334
    },
    "test": {
        "accuracy": 0.865,
        "top-3 accuracy": 0.92,
        "top-5 accuracy": 0.928
    }
}