{
    "train": {
        "accuracy": 0.9444678757205117,
        "top-3 accuracy": 0.9529031351047378,
        "top-5 accuracy": 0.9529031351047378
    },
    "test": {
        "accuracy": 0.872,
        "top-3 accuracy": 0.915,
        "top-5 accuracy": 0.924
    }
}