{
    "train": {
        "accuracy": 0.9371573175875159,
        "top-3 accuracy": 0.9529031351047378,
        "top-5 accuracy": 0.9529031351047378
    },
    "test": {
        "accuracy": 0.88,
        "top-3 accuracy": 0.925,
        "top-5 accuracy": 0.931
    }
}