{
    "Train": {
        "Tag-Level Stats": {
            "Accuracy": 0.8760426044464111
        },
        "Sentence-Level Stats": {
            "Correct": 120306,
            "Total": 169207,
            "Accuracy": 0.7109989539439858
        }
    },
    "Dev": {
        "Tag-Level Stats": {
            "Accuracy": 0.8403469324111938
        },
        "Sentence-Level Stats": {
            "Correct": 3383,
            "Total": 5000,
            "Accuracy": 0.6766
        }
    }
}