{
    "train": {
        "accuracy": 0.9448896386897231,
        "top-3 accuracy": 0.952762547448334,
        "top-5 accuracy": 0.9529031351047378
    },
    "test": {
        "accuracy": 0.813,
        "top-3 accuracy": 0.862,
        "top-5 accuracy": 0.876
    }
}