{
    "train": {
        "accuracy": 0.9384226064951497,
        "top-3 accuracy": 0.9523407844791227,
        "top-5 accuracy": 0.9526219597919303
    },
    "test": {
        "accuracy": 0.808,
        "top-3 accuracy": 0.865,
        "top-5 accuracy": 0.873
    }
}