{
    "train": {
        "accuracy": 0.9216926753831014,
        "top-3 accuracy": 0.9495290313510474,
        "top-5 accuracy": 0.9513566708842963
    },
    "test": {
        "accuracy": 0.785,
        "top-3 accuracy": 0.843,
        "top-5 accuracy": 0.867
    }
}