{
    "train": {
        "accuracy": 0.9458737522845494,
        "top-3 accuracy": 0.952762547448334,
        "top-5 accuracy": 0.952762547448334
    },
    "test": {
        "accuracy": 0.82,
        "top-3 accuracy": 0.868,
        "top-5 accuracy": 0.882
    }
}