{
    "train": {
        "accuracy": 0.9325179249261915,
        "top-3 accuracy": 0.9524813721355265,
        "top-5 accuracy": 0.952762547448334
    },
    "test": {
        "accuracy": 0.845,
        "top-3 accuracy": 0.891,
        "top-5 accuracy": 0.899
    }
}