{
    "train": {
        "accuracy": 0.9446084633769155,
        "top-3 accuracy": 0.952762547448334,
        "top-5 accuracy": 0.9529031351047378
    },
    "test": {
        "accuracy": 0.858,
        "top-3 accuracy": 0.897,
        "top-5 accuracy": 0.902
    }
}