{
    "train": {
        "accuracy": 0.9453114016589343,
        "top-3 accuracy": 0.952762547448334,
        "top-5 accuracy": 0.9529031351047378
    },
    "test": {
        "accuracy": 0.882,
        "top-3 accuracy": 0.914,
        "top-5 accuracy": 0.923
    }
}