{
    "train": {
        "accuracy": 0.9250667791367918,
        "top-3 accuracy": 0.9520596091663152,
        "top-5 accuracy": 0.9529031351047378
    },
    "test": {
        "accuracy": 0.864,
        "top-3 accuracy": 0.927,
        "top-5 accuracy": 0.934
    }
}