{
    "train": {
        "accuracy": 0.9416561225924364,
        "top-3 accuracy": 0.952762547448334,
        "top-5 accuracy": 0.9529031351047378
    },
    "test": {
        "accuracy": 0.849,
        "top-3 accuracy": 0.894,
        "top-5 accuracy": 0.9
    }
}