{
    "train": {
        "accuracy": 0.938844369464361,
        "top-3 accuracy": 0.9529031351047378,
        "top-5 accuracy": 0.9529031351047378
    },
    "test": {
        "accuracy": 0.878,
        "top-3 accuracy": 0.918,
        "top-5 accuracy": 0.932
    }
}