{
    "train": {
        "accuracy": 0.943061999156474,
        "top-3 accuracy": 0.952762547448334,
        "top-5 accuracy": 0.9529031351047378
    },
    "test": {
        "accuracy": 0.877,
        "top-3 accuracy": 0.913,
        "top-5 accuracy": 0.921
    }
}