{
    "train_results": {
        "eval_loss": 0.0026206301990896463,
        "eval_tag accuracy": 0.9990164438297219,
        "eval_sentence accuracy": 0.994916403072752,
        "eval_runtime": 59.0692,
        "eval_samples_per_second": 149.858,
        "epoch": 20.0,
        "eval_mem_cpu_alloc_delta": 21888125,
        "eval_mem_gpu_alloc_delta": 0,
        "eval_mem_cpu_peaked_delta": 4059489,
        "eval_mem_gpu_peaked_delta": 143304192
    },
    "dev_results": {
        "eval_loss": 0.2424432933330536,
        "eval_tag accuracy": 0.9620995228357192,
        "eval_sentence accuracy": 0.892,
        "eval_runtime": 5.9492,
        "eval_samples_per_second": 168.09,
        "epoch": 20.0,
        "eval_mem_cpu_alloc_delta": 2295008,
        "eval_mem_gpu_alloc_delta": 0,
        "eval_mem_cpu_peaked_delta": 406590,
        "eval_mem_gpu_peaked_delta": 114435072
    }
}