{
    "train": {
        "accuracy": 0.9403908336848025,
        "top-3 accuracy": 0.952762547448334,
        "top-5 accuracy": 0.9529031351047378
    },
    "test": {
        "accuracy": 0.878,
        "top-3 accuracy": 0.928,
        "top-5 accuracy": 0.931
    }
}