{
    "Train": {
        "Tag-Level Stats": {
            "Accuracy": 0.9985554218292236
        },
        "Sentence-Level Stats": {
            "Correct": 8783,
            "Total": 8852,
            "Accuracy": 0.9922051513782196
        }
    },
    "Dev": {
        "Tag-Level Stats": {
            "Accuracy": 0.9629175066947937
        },
        "Sentence-Level Stats": {
            "Correct": 889,
            "Total": 1000,
            "Accuracy": 0.889
        }
    }
}