{
    "Train": {
        "Tag-Level Stats": {
            "Accuracy": 0.9690487384796143
        },
        "Sentence-Level Stats": {
            "Correct": 7860,
            "Total": 8852,
            "Accuracy": 0.8879349299593312
        }
    },
    "Dev": {
        "Tag-Level Stats": {
            "Accuracy": 0.9559645652770996
        },
        "Sentence-Level Stats": {
            "Correct": 860,
            "Total": 1000,
            "Accuracy": 0.86
        }
    }
}