{
    "train": {
        "accuracy": 0.9451708140025306,
        "top-3 accuracy": 0.9529031351047378,
        "top-5 accuracy": 0.9529031351047378
    },
    "test": {
        "accuracy": 0.885,
        "top-3 accuracy": 0.929,
        "top-5 accuracy": 0.93
    }
}