{
    "Train": {
        "Tag-Level Stats": {
            "Accuracy": 0.9673889875411987
        },
        "Sentence-Level Stats": {
            "Correct": 7799,
            "Total": 8852,
            "Accuracy": 0.881043831902395
        }
    },
    "Dev": {
        "Tag-Level Stats": {
            "Accuracy": 0.9547375440597534
        },
        "Sentence-Level Stats": {
            "Correct": 861,
            "Total": 1000,
            "Accuracy": 0.861
        }
    }
}