{
    "train": {
        "accuracy": 0.9358920286798819,
        "top-3 accuracy": 0.9526219597919303,
        "top-5 accuracy": 0.952762547448334
    },
    "test": {
        "accuracy": 0.835,
        "top-3 accuracy": 0.887,
        "top-5 accuracy": 0.895
    }
}