{
    "train": {
        "accuracy": 0.934626739772248,
        "top-3 accuracy": 0.9524813721355265,
        "top-5 accuracy": 0.952762547448334
    },
    "test": {
        "accuracy": 0.868,
        "top-3 accuracy": 0.911,
        "top-5 accuracy": 0.922
    }
}