{
    "train": {
        "accuracy": 0.9365949669619007,
        "top-3 accuracy": 0.9526219597919303,
        "top-5 accuracy": 0.9529031351047378
    },
    "test": {
        "accuracy": 0.872,
        "top-3 accuracy": 0.915,
        "top-5 accuracy": 0.924
    }
}