{
    "train": {
        "accuracy": 0.9447490510333193,
        "top-3 accuracy": 0.9529031351047378,
        "top-5 accuracy": 0.9529031351047378
    },
    "test": {
        "accuracy": 0.877,
        "top-3 accuracy": 0.916,
        "top-5 accuracy": 0.923
    }
}