{
    "train": {
        "accuracy": 0.9434837621256854,
        "top-3 accuracy": 0.952762547448334,
        "top-5 accuracy": 0.9529031351047378
    },
    "test": {
        "accuracy": 0.865,
        "top-3 accuracy": 0.907,
        "top-5 accuracy": 0.917
    }
}