{
    "train": {
        "accuracy": 0.9443272880641079,
        "top-3 accuracy": 0.952762547448334,
        "top-5 accuracy": 0.9529031351047378
    },
    "test": {
        "accuracy": 0.875,
        "top-3 accuracy": 0.915,
        "top-5 accuracy": 0.921
    }
}