{
    "train": {
        "accuracy": 0.9464361029101644,
        "top-3 accuracy": 0.952762547448334,
        "top-5 accuracy": 0.9529031351047378
    },
    "test": {
        "accuracy": 0.871,
        "top-3 accuracy": 0.91,
        "top-5 accuracy": 0.923
    }
}