{
    "Train": {
        "Tag-Level Stats": {
            "Accuracy": 0.9983556270599365
        },
        "Sentence-Level Stats": {
            "Correct": 8772,
            "Total": 8852,
            "Accuracy": 0.9909624943515589
        }
    },
    "Dev": {
        "Tag-Level Stats": {
            "Accuracy": 0.9634628295898438
        },
        "Sentence-Level Stats": {
            "Correct": 892,
            "Total": 1000,
            "Accuracy": 0.892
        }
    }
}