{
    "train": {
        "accuracy": 0.9395473077463798,
        "top-3 accuracy": 0.9526219597919303,
        "top-5 accuracy": 0.9529031351047378
    },
    "test": {
        "accuracy": 0.847,
        "top-3 accuracy": 0.891,
        "top-5 accuracy": 0.901
    }
}