{
    "train": {
        "accuracy": 0.9440461127513005,
        "top-3 accuracy": 0.952762547448334,
        "top-5 accuracy": 0.9529031351047378
    },
    "test": {
        "accuracy": 0.879,
        "top-3 accuracy": 0.914,
        "top-5 accuracy": 0.923
    }
}