{
    "train": {
        "accuracy": 0.9423590608744552,
        "top-3 accuracy": 0.952762547448334,
        "top-5 accuracy": 0.9529031351047378
    },
    "test": {
        "accuracy": 0.87,
        "top-3 accuracy": 0.907,
        "top-5 accuracy": 0.924
    }
}