{
    "train": {
        "accuracy": 0.9392661324335724,
        "top-3 accuracy": 0.952762547448334,
        "top-5 accuracy": 0.9529031351047378
    },
    "test": {
        "accuracy": 0.856,
        "top-3 accuracy": 0.904,
        "top-5 accuracy": 0.915
    }
}