{
    "train": {
        "accuracy": 0.932799100238999,
        "top-3 accuracy": 0.9520596091663152,
        "top-5 accuracy": 0.9526219597919303
    },
    "test": {
        "accuracy": 0.861,
        "top-3 accuracy": 0.908,
        "top-5 accuracy": 0.921
    }
}