{
    "train": {
        "accuracy": 0.9368761422747083,
        "top-3 accuracy": 0.9526219597919303,
        "top-5 accuracy": 0.9529031351047378
    },
    "test": {
        "accuracy": 0.87,
        "top-3 accuracy": 0.913,
        "top-5 accuracy": 0.919
    }
}