{
    "Train": {
        "Tag-Level Stats": {
            "Accuracy": 0.8738786578178406
        },
        "Sentence-Level Stats": {
            "Correct": 120749,
            "Total": 169207,
            "Accuracy": 0.7136170489400556
        }
    },
    "Dev": {
        "Tag-Level Stats": {
            "Accuracy": 0.84443199634552
        },
        "Sentence-Level Stats": {
            "Correct": 3415,
            "Total": 5000,
            "Accuracy": 0.683
        }
    }
}