{
    "train": {
        "accuracy": 0.9427808238436666,
        "top-3 accuracy": 0.9526219597919303,
        "top-5 accuracy": 0.952762547448334
    },
    "test": {
        "accuracy": 0.821,
        "top-3 accuracy": 0.878,
        "top-5 accuracy": 0.891
    }
}