{
    "train": {
        "accuracy": 0.9491072683818361,
        "top-3 accuracy": 0.952762547448334,
        "top-5 accuracy": 0.9529031351047378
    },
    "test": {
        "accuracy": 0.834,
        "top-3 accuracy": 0.871,
        "top-5 accuracy": 0.888
    }
}