{
    "train": {
        "accuracy": 0.9474202165049909,
        "top-3 accuracy": 0.952762547448334,
        "top-5 accuracy": 0.9529031351047378
    },
    "test": {
        "accuracy": 0.827,
        "top-3 accuracy": 0.873,
        "top-5 accuracy": 0.883
    }
}