{
    "train": {
        "accuracy": 0.9486855054126248,
        "top-3 accuracy": 0.952762547448334,
        "top-5 accuracy": 0.9529031351047378
    },
    "test": {
        "accuracy": 0.823,
        "top-3 accuracy": 0.873,
        "top-5 accuracy": 0.887
    }
}