{
    "train": {
        "accuracy": 0.9455925769717419,
        "top-3 accuracy": 0.9526219597919303,
        "top-5 accuracy": 0.9529031351047378
    },
    "test": {
        "accuracy": 0.826,
        "top-3 accuracy": 0.871,
        "top-5 accuracy": 0.881
    }
}