{
    "train": {
        "accuracy": 0.8341065654435541,
        "top-3 accuracy": 0.9283002952340784,
        "top-5 accuracy": 0.939406720089976
    },
    "test": {
        "accuracy": 0.737,
        "top-3 accuracy": 0.84,
        "top-5 accuracy": 0.86
    }
}