{
    "train_results": {
        "eval_loss": 0.0029153379146009684,
        "eval_tag accuracy": 0.9989857076994006,
        "eval_sentence accuracy": 0.9943515589697244,
        "eval_runtime": 59.528,
        "eval_samples_per_second": 148.703,
        "epoch": 20.0,
        "eval_mem_cpu_alloc_delta": 21863267,
        "eval_mem_gpu_alloc_delta": 0,
        "eval_mem_cpu_peaked_delta": 4053614,
        "eval_mem_gpu_peaked_delta": 143304192
    },
    "dev_results": {
        "eval_loss": 0.21637262403964996,
        "eval_tag accuracy": 0.9663258350374915,
        "eval_sentence accuracy": 0.896,
        "eval_runtime": 5.9639,
        "eval_samples_per_second": 167.676,
        "epoch": 20.0,
        "eval_mem_cpu_alloc_delta": 2290840,
        "eval_mem_gpu_alloc_delta": 0,
        "eval_mem_cpu_peaked_delta": 404590,
        "eval_mem_gpu_peaked_delta": 114435072
    }
}