{
    "train": {
        "accuracy": 0.943061999156474,
        "top-3 accuracy": 0.9529031351047378,
        "top-5 accuracy": 0.9529031351047378
    },
    "test": {
        "accuracy": 0.883,
        "top-3 accuracy": 0.92,
        "top-5 accuracy": 0.927
    }
}