{
    "train": {
        "accuracy": 0.9432025868128778,
        "top-3 accuracy": 0.9529031351047378,
        "top-5 accuracy": 0.9529031351047378
    },
    "test": {
        "accuracy": 0.882,
        "top-3 accuracy": 0.918,
        "top-5 accuracy": 0.927
    }
}