{
    "train": {
        "accuracy": 0.9496696190074512,
        "top-3 accuracy": 0.952762547448334,
        "top-5 accuracy": 0.9529031351047378
    },
    "test": {
        "accuracy": 0.846,
        "top-3 accuracy": 0.887,
        "top-5 accuracy": 0.903
    }
}