{
    "train": {
        "accuracy": 0.9433431744692816,
        "top-3 accuracy": 0.9529031351047378,
        "top-5 accuracy": 0.9529031351047378
    },
    "test": {
        "accuracy": 0.879,
        "top-3 accuracy": 0.921,
        "top-5 accuracy": 0.927
    }
}