{
    "train": {
        "accuracy": 0.9380008435259384,
        "top-3 accuracy": 0.9523407844791227,
        "top-5 accuracy": 0.9529031351047378
    },
    "test": {
        "accuracy": 0.869,
        "top-3 accuracy": 0.915,
        "top-5 accuracy": 0.925
    }
}