{
    "train": {
        "accuracy": 0.936454379305497,
        "top-3 accuracy": 0.9529031351047378,
        "top-5 accuracy": 0.9529031351047378
    },
    "test": {
        "accuracy": 0.867,
        "top-3 accuracy": 0.915,
        "top-5 accuracy": 0.923
    }
}