{
    "train": {
        "accuracy": 0.9347673274286518,
        "top-3 accuracy": 0.9524813721355265,
        "top-5 accuracy": 0.952762547448334
    },
    "test": {
        "accuracy": 0.846,
        "top-3 accuracy": 0.895,
        "top-5 accuracy": 0.911
    }
}