{
    "train": {
        "accuracy": 0.938844369464361,
        "top-3 accuracy": 0.9526219597919303,
        "top-5 accuracy": 0.9529031351047378
    },
    "test": {
        "accuracy": 0.873,
        "top-3 accuracy": 0.915,
        "top-5 accuracy": 0.921
    }
}