{
    "train_results": {
        "eval_loss": 0.000975929491687566,
        "eval_tag accuracy": 0.9995933907514878,
        "eval_sentence accuracy": 0.9978105663969539,
        "eval_runtime": 12.8678,
        "eval_samples_per_second": 816.379,
        "epoch": 40.0,
        "eval_mem_cpu_alloc_delta": 30095646,
        "eval_mem_gpu_alloc_delta": 0,
        "eval_mem_cpu_peaked_delta": 5570596,
        "eval_mem_gpu_peaked_delta": 170786816
    },
    "dev_results": {
        "eval_loss": 0.2873077094554901,
        "eval_tag accuracy": 0.964572947823197,
        "eval_sentence accuracy": 0.8888888888888888,
        "eval_runtime": 1.791,
        "eval_samples_per_second": 1035.175,
        "epoch": 40.0,
        "eval_mem_cpu_alloc_delta": 4288736,
        "eval_mem_gpu_alloc_delta": 0,
        "eval_mem_cpu_peaked_delta": 777846,
        "eval_mem_gpu_peaked_delta": 120268800
    }
}