{
    "train": {
        "accuracy": 0.9235203149163503,
        "top-3 accuracy": 0.9516378461971039,
        "top-5 accuracy": 0.9526219597919303
    },
    "test": {
        "accuracy": 0.864,
        "top-3 accuracy": 0.908,
        "top-5 accuracy": 0.922
    }
}