{
    "train": {
        "accuracy": 0.9323773372697877,
        "top-3 accuracy": 0.9517784338535077,
        "top-5 accuracy": 0.9526219597919303
    },
    "test": {
        "accuracy": 0.867,
        "top-3 accuracy": 0.909,
        "top-5 accuracy": 0.917
    }
}