{
    "train": {
        "accuracy": 0.9377196682131309,
        "top-3 accuracy": 0.9529031351047378,
        "top-5 accuracy": 0.9529031351047378
    },
    "test": {
        "accuracy": 0.884,
        "top-3 accuracy": 0.923,
        "top-5 accuracy": 0.929
    }
}