{
    "train": {
        "accuracy": 0.9464361029101644,
        "top-3 accuracy": 0.9529031351047378,
        "top-5 accuracy": 0.9529031351047378
    },
    "test": {
        "accuracy": 0.877,
        "top-3 accuracy": 0.921,
        "top-5 accuracy": 0.929
    }
}