{
    "train": {
        "accuracy": 0.9385631941515535,
        "top-3 accuracy": 0.952762547448334,
        "top-5 accuracy": 0.9529031351047378
    },
    "test": {
        "accuracy": 0.857,
        "top-3 accuracy": 0.898,
        "top-5 accuracy": 0.904
    }
}