{
    "train": {
        "accuracy": 0.9433431744692816,
        "top-3 accuracy": 0.9529031351047378,
        "top-5 accuracy": 0.9529031351047378
    },
    "test": {
        "accuracy": 0.88,
        "top-3 accuracy": 0.923,
        "top-5 accuracy": 0.929
    }
}