{
    "train": {
        "accuracy": 0.94067200899761,
        "top-3 accuracy": 0.9529031351047378,
        "top-5 accuracy": 0.9529031351047378
    },
    "test": {
        "accuracy": 0.878,
        "top-3 accuracy": 0.921,
        "top-5 accuracy": 0.932
    }
}