{
    "train": {
        "accuracy": 0.9410937719668213,
        "top-3 accuracy": 0.9526219597919303,
        "top-5 accuracy": 0.9529031351047378
    },
    "test": {
        "accuracy": 0.876,
        "top-3 accuracy": 0.909,
        "top-5 accuracy": 0.923
    }
}