{
    "train": {
        "accuracy": 0.9380008435259384,
        "top-3 accuracy": 0.952762547448334,
        "top-5 accuracy": 0.9529031351047378
    },
    "test": {
        "accuracy": 0.865,
        "top-3 accuracy": 0.911,
        "top-5 accuracy": 0.924
    }
}