{
    "train": {
        "accuracy": 0.9439055250948967,
        "top-3 accuracy": 0.9529031351047378,
        "top-5 accuracy": 0.9529031351047378
    },
    "test": {
        "accuracy": 0.874,
        "top-3 accuracy": 0.918,
        "top-5 accuracy": 0.926
    }
}