{
    "train": {
        "accuracy": 0.9405314213412063,
        "top-3 accuracy": 0.952762547448334,
        "top-5 accuracy": 0.9529031351047378
    },
    "test": {
        "accuracy": 0.868,
        "top-3 accuracy": 0.913,
        "top-5 accuracy": 0.921
    }
}