{
    "train": {
        "accuracy": 0.9399690707155912,
        "top-3 accuracy": 0.9526219597919303,
        "top-5 accuracy": 0.9529031351047378
    },
    "test": {
        "accuracy": 0.875,
        "top-3 accuracy": 0.917,
        "top-5 accuracy": 0.923
    }
}