{
    "train": {
        "accuracy": 0.9451708140025306,
        "top-3 accuracy": 0.9529031351047378,
        "top-5 accuracy": 0.9529031351047378
    },
    "test": {
        "accuracy": 0.886,
        "top-3 accuracy": 0.927,
        "top-5 accuracy": 0.93
    }
}