{
    "train": {
        "accuracy": 0.942499648530859,
        "top-3 accuracy": 0.9529031351047378,
        "top-5 accuracy": 0.9529031351047378
    },
    "test": {
        "accuracy": 0.875,
        "top-3 accuracy": 0.917,
        "top-5 accuracy": 0.925
    }
}